0,1
-0.18519365254247025,-0.7263115748062141
-1.3225479229823334,-0.9780023375966073
0.49748398003224215,0.7632358905920519
-0.6903504208717177,-0.7536696134193054
0.4999869397930443,-0.843155106448836
-1.3471736025939198,-0.3229936026152769
-0.46343254621040203,-1.3248228800420165
0.32465375820395626,0.20173535248733152
-0.4610268408338005,-0.1364112534329296
-0.9304098067515885,-1.3697370131903823
0.34793620327015795,-0.12196335655656293
-0.315401365328096,0.08939668467615929
-1.175065408281645,-0.9673327358352284
-0.24001501865298472,-1.0818227274059067
-0.06509106192201633,0.5038096758211787
0.3096703136447938,0.3647430616865655
-1.2598621563985568,-0.2412940213441156
-0.8125610854225941,-0.5649140787787328
-0.047213706902428196,-0.19501329531223494
-1.3684892252250924,0.3825667284224106
0.05598143499604338,-0.25640928613359704
0.4415570604737099,-0.7931082540367198
-0.03503911658935888,-0.4825635160102487
0.1289334381090803,0.08908119378273692
-0.7846644801785947,-0.37435655998210815
-0.4863318720427153,-1.0433446476649255
1.3876553306560995,0.8057721252455518
0.5668031640704095,0.2760063387806523
-0.3363907092888135,-0.22614546525481366
-0.9057238592110711,0.23430349118462698
0.9643364683019988,0.559853515366297
-0.2518271773724508,-0.26275256589701557
-0.454634285263738,-1.5141960481021612
-1.7137600462290998,-1.6461809529832374
-0.3681269136732132,0.13453044743641884
0.6582644520605774,0.6442098290652979
-0.805666893339131,-0.22898089206999817
0.44016829269174146,1.303554524624748
0.043935732223049875,-0.5650169439529521
-0.6241515121645852,-0.36544747658483073
0.36675899912535814,-1.604062741369654
-1.3208320203702697,-0.7379061815905521
-0.06131247030283636,-0.258851904913922
-0.9731290568040082,-0.09543101206716882
-0.583403609488238,0.35456010968981405
0.014186580078112352,-0.1967112742523258
1.1346952342954018,0.40088524690293287
-0.7759216393307505,-0.5216456821182582
0.2141674307035247,0.4037671664712362
1.1579984790198692,0.4527069036108545
-0.4135780934232485,0.03544748608613487
-0.555667687457446,-0.1968528139816908
-0.7845967759371684,0.21557180994944256
0.8677383536651153,0.2958509265085105
-0.8974773859029105,-1.2128321273016183
-0.4590138079178282,-1.1625544111356136
0.26658410873641464,0.5496358123596674
0.2403327887344209,0.05494246250361693
-0.2446423143844945,-1.0854386620129786
-0.13652903176748063,0.11846892513319167
0.38370615229638655,-0.08019911430131416
0.5643847007596786,0.5729332829556885
1.5669993014537849,1.1707249513951026
0.5352014687076817,0.1771551267269908
-0.8314524728245288,-0.16522454308465853
-0.2678923898034123,-0.08787495757437619
-1.229340079232074,0.2130164062377686
-0.401493006627739,-0.7423720452699095
1.586002846762855,1.9718547170081213
1.4108373472675253,1.4937717685060998
-0.6888405792336851,-0.6208520787791034
-0.48839843515843634,-0.738706403787523
-1.024863776929438,-0.9027747281530135
-0.9082778244400798,-0.055726688687689194
-0.42507020109082727,0.9526895918234911
-0.6658905987113427,-0.0022978680143978646
0.47436635874773325,0.2640474969363116
-1.1365619106724398,-1.115911702484265
2.1434344211421146,1.1533807311840252
0.7862157630829417,0.6575999612759945
-0.35152711572406425,-0.599393460563686
0.5221374689927339,-0.14799218488548327
0.7847504786562733,0.601100963938532
-0.6548030590763239,-0.3088803525541204
-1.1540260823707709,-0.20557843010184287
0.19716859794174063,-0.16101158441269525
1.197736393905959,0.1036772753697043
-0.08470734287150372,-0.16692649089052639
-2.094973663140813,-1.2319477902783844
1.0447928380562872,1.3767667685890264
2.399997275409262,0.7909942931112871
-0.3504494967470069,-0.22416849669358915
-0.9053150624845141,-1.3042203925565257
1.299524520106484,0.49908477540962665
0.7309969242056148,-0.2807113304594017
-0.06757597443550083,-0.3463553712625342
1.6397010756455233,0.5527788480633042
-0.9756592878330406,-0.8246962081003949
-0.04746019797533102,0.42746655494289854
-0.039068333648786084,-0.56436648250281
0.45345803209052105,-0.038264724551810195
-0.021504975351815173,-0.3068720769129839
-0.8474935612233314,-0.9304017789658813
0.4940788448034604,0.3422843694558352
-2.0406818689525,-0.8563992981164464
-0.37381594238895216,-0.5117485780829689
-1.5002878757617037,0.15563128035983465
-1.6541653156212122,-0.5006727912933671
-0.5739401232109596,-0.7017590347773285
-0.5867821169542469,-0.008696721658541675
-0.17292158715173314,0.8818443887250641
-0.6048597478203891,0.08380051046503079
0.2572607496047011,-0.908879813748044
0.3975229640397596,0.20093209409063584
-1.1530285016345898,-0.5856588529488077
-0.18662276947843187,0.03826173374601602
0.32302149674097685,-0.18077262295326327
1.1569638823390265,0.8431989106520379
-1.2005302713836354,0.6779374469557926
-0.5422301872355247,0.008314531260124727
0.15340909474201667,0.35193169556607995
-0.5983624313738304,-0.9100749276184786
1.0896982193393667,1.2662901819017267
-1.2402446400648819,-0.5654489418293895
0.789682709602773,0.6396460624249901
-1.4205425653649795,-1.757612584696395
1.3403152644111735,0.893493354864491
0.2878958684231687,-0.4740076724762211
0.6891380003229309,0.7104839548040656
0.671705501091722,0.01008108740695377
-1.5356915136628764,-0.843558528173982
-0.5037253758062006,0.1338496755557169
-0.5384084477188887,0.22031065920066736
-0.788540456997362,0.48552023166070696
0.3836890290679079,0.4362979565293893
0.12876223581737598,-0.259608944826404
0.47619353523624697,-0.0769589605894451
-0.3986063673481552,0.2589206428844008
-0.15010769245681757,0.19172747219288555
-0.28098716564455706,-0.3152439598541998
0.5633905622112456,0.1558302785383377
1.9793121827128104,2.0149757986096706
0.003954114063319782,-0.1436856755991396
0.8209509018542885,1.4259378460454595
0.3690944158705178,0.17429258487418237
-0.5649560577584692,0.07353316507711828
0.42260220073045174,0.8043134916203032
-0.339627244505574,0.48014960396039624
0.13282005235123112,-0.10492031425173383
1.5851484646412544,0.815638570387336
-0.676327576385982,-0.052664306838609995
-0.3943143154027446,1.1114475121681082
1.7172303613701811,1.0127914943949474
-1.5290861248985215,-0.6405016063575195
0.2367182761595993,-0.7536269882174818
-0.15620225171127947,-0.3752848099352315
-0.392817111492746,0.2621415996074037
0.09073680835027695,-0.09164966902643086
-0.8856415701955769,-0.5788214591502101
0.9464627076510223,0.05950313928937945
-1.188891377581998,-0.2438639395165285
-0.7253871772867523,-0.3797955125474131
0.8640271941783482,0.35829247734628256
-1.8935416980539324,-1.090168621269004
-0.642144142817032,-0.6141834575070887
-0.2398782855976408,-0.00723425616213856
-0.05759872346538844,-0.05459763656026714
0.10489405087225627,0.20198375715932254
-1.3408402235954657,-0.8402239515379748
-0.2276936204449756,0.0824667307882151
-0.38741917129820247,0.051164882935090465
-0.5293871741377063,-0.4167237485758186
1.0538424188336535,0.6264141824726007
0.7273074518431218,0.6627557932644734
-0.1888229326778773,-0.6205394093588075
0.07208050536057219,0.8144282490491714
0.4558040864114932,0.04628455728348056
1.3116850734864018,0.7894039067884914
-1.281059949695404,0.2859921872350122
-1.3107244140485201,-0.6711879806723025
-1.2241337423875798,-0.20239511324909354
-0.2861289060001432,-0.27859704244278055
-2.7333432559768607,-0.9776338337215004
1.4150567905838143,0.22309140629704757
-0.34344593698563125,-0.7671534301591687
0.5714864072275763,0.4056178636088614
1.3497312740368375,0.9424342450035998
1.2690954238507766,-0.10155102252715499
-1.4427927337408437,-1.5660921069671638
-0.38434292209449744,-0.5878488378895624
-1.5066262830383848,-0.9849102808061259
-1.7243095564187616,-1.2369384107427719
-0.07416026982175922,-0.3010328756817827
-0.6053718224545935,-1.26795264259896
0.9380800925062849,0.12710026573958338
-0.16508410562490408,-0.5900966975595613
-0.44513825675261154,-0.0033690064459865427
1.0794570825817242,0.691936572052021
0.17574453000100257,-0.41926304408406256
-0.21196392388367152,0.8616423867094114
0.4328224568537544,-0.2071127133175404
-0.05451915126384253,-0.6861810985385968
0.2967152885344551,-0.054698407875082025
-1.2819927918256557,-0.07890704086121188
-1.1594321666243113,-0.49113734424241584
0.6496958882850352,1.0414577120662452
-0.3444060384879769,-0.5372314339993257
0.7406641583200966,0.3342093685276946
-0.6509908966511343,-0.2210856299993178
1.9760933010881463,0.7537229351166824
0.7533460918183971,0.4100450498880982
-0.3219600270754092,-0.07704542446677527
0.3246771156625885,0.040146465071914626
-0.4228340109098734,-0.2919099293178151
0.37712745546649107,0.4126651193916389
1.0704341044425505,0.5040312391470515
-1.0814380234283156,-1.3103886097721622
1.1605966708365432,1.517390562120112
0.6166077948484505,0.2936000184885515
-1.5036320158461678,-1.207127888187016
0.5279841631662757,0.6345385693152549
0.13521964322998867,0.25388981277014433
0.5527337197952241,-0.06004443297373958
-0.32331469187287676,-0.056265235572538784
1.3533288533084251,0.4644794335453261
1.6259563761595548,1.144460171345006
-0.01303970391458251,-0.19459393189798485
0.5665308844385378,0.3634627198396335
0.3029808509109977,0.7552401908709261
1.4835001815772892,0.22859130437609967
-1.6774758712875153,-1.8019111329426227
1.0238836894423469,0.8480840342866561
-0.5672116635003435,0.018094145689169512
-0.19894602717676765,-0.24767748387161984
0.6482558754897776,0.04198518483360963
-1.2817341670029694,-0.9393043736792662
-0.934963885176756,0.42452646024796675
0.2624691003396765,0.1811135133323316
-0.10989329559685693,-0.7924758303757207
-0.5563962388433167,-0.0790477097458761
1.440309897117826,0.18110584546681174
0.5775210451577985,0.14460834330473515
1.6801149133770499,1.0231814102234842
0.7225993437437574,0.4979046871305042
1.2054068701577254,-0.3986702592195497
-0.916978545276193,-0.09563362528775449
0.898530805428581,-0.2266867402176836
0.07058164252903829,-0.08312926999952149
0.13353996056967435,0.14372622692369902
2.249858601033998,0.8753304630825705
-0.6982866340431577,-0.009515984960403593
0.15518683920885415,0.0726020029547897
0.2881019837839987,1.0669945608746458
-0.4738636693955225,0.2685243774088687
0.35115709478769014,0.20127623817129475
0.3053994845181418,-0.05852257613266296
-1.995427997322826,-0.49582204362326104
1.1269040883846915,0.7174480583125767
-0.4838885712799902,-0.004894268858304498
-0.9771154180194075,-0.8225766263465634
-0.737835597463445,-0.45072544917315455
0.04212465457741437,-0.5569141085087542
0.9552753880849209,0.5250802576942668
-0.5115881238602273,0.7647764819661149
-1.382162974876527,-1.1749173933230703
0.6511697740365981,-0.18171252173220404
1.131101459579184,0.1353400603167641
0.37252362456353144,-0.4475691545550102
0.5072111023468521,0.39821797419045146
0.8139020440325562,0.05756796831346676
0.6983513303339207,1.0518717253529948
-1.5226883733577707,-1.2619517345465117
0.48069554608740694,-0.31609923506416726
-0.685963742428259,-0.32115923959591697
-0.9497133091338009,-0.8381868364542091
-1.5364724623658548,-0.4915259094736665
-0.9332867193645756,-0.3126645900402631
-0.12221452659486454,0.30666794607520814
1.6572749693639044,1.070438577068152
-0.227454770449014,-0.3343327123615484
-0.24105169900374665,0.39051057216152113
-0.01912821479905884,0.3980816963943058
-0.27281718487437945,-0.761004055654411
-1.2670296490574502,-1.5223323909931257
-1.6598097907131388,-1.7272412846285286
-0.21109219627111614,0.1845403216486571
-1.5001732539614778,-0.8134684607792715
1.3057030383026498,1.218933432699829
0.15605160183978303,0.6712492698937241
-1.8555866119373332,-0.41332818014607603
1.3963501126450004,0.7261214628604508
-0.7347479036953984,-0.5069193170957201
0.5155773514224562,0.44207248218536044
0.9274348155400345,0.6713984712417171
0.5893488176589657,1.1199520145436321
-0.6614059390904998,-0.4943401923408879
-0.47087906058413503,-0.9020876975567144
0.5255114597698243,0.3136881978809968
1.3182333547933305,0.2722278218993273
-1.3868318439524419,0.021214888626762424
-0.05722420481313912,0.028256483872136706
-0.2124187866386621,-0.2861716046068469
-0.6215810828195154,0.1038247526910774
-0.05544466962440124,-1.0459619992123583
-0.40792976086505334,-0.43419655707458704
0.6916620810816545,-0.14636931781729487
0.524617317233082,0.8666167737542692
1.1456376681226712,0.9853282978123229
-0.5385572541444672,0.11626392135584936
1.5697984351471141,0.8879982811957701
0.7904819724685966,0.12102783492729988
-1.94873228582805,-0.5453339529553743
0.34997456210328687,0.41860829171186836
-0.3844728416722966,-0.3044282611566716
0.5304857614529149,-0.0014818355198417154
0.025662653751261897,-0.41576041001445846
-0.7947912403102714,-0.5964541061958518
0.1598337324157428,-0.025597971445616118
0.6950272823679672,0.8394511847448838
0.12582459954155914,0.42555648924647604
0.22206556287792933,0.38754493406210855
-0.2395969301375364,-1.2786039478419864
2.4173274209723443,1.7383651970338325
1.807264213670802,0.5466563956381779
1.4945713263773888,-0.24548417076816173
-1.2472132972099041,-1.3612645767365095
-0.41070456124617,0.2542439893652403
1.652236440104849,0.7784558392028756
0.13528745392264946,0.19207733573034821
-1.6988150666050021,-0.7587715703063532
0.2704873069611968,0.957704918393328
-0.1982558661521058,-0.35312179793817183
-1.7833951877253889,-0.9644126783056053
0.9978800221930046,1.5675648136583336
-1.7364648299112369,-0.8916420514642012
-0.5703606606442946,0.19057839992857345
-0.5704834590726291,-1.6855640211620568
0.5108243609273707,0.7289340851475389
-1.1305147921862384,-0.7641296597852834
0.7134745300767096,1.1849898497582039
0.5091201375657066,-0.2180049353322852
-0.3113422963030163,0.06535348263720644
-1.134172023326334,-1.6758926923632445
-1.3914265396313532,-0.5757541857109034
0.06963312708822508,0.3233698605352512
-0.30560220734553645,-0.0763267319405982
-1.307882935130368,0.08716513486218054
-0.0978238315000545,0.4296687795447838
-0.559898577807212,-0.6436665895834683
0.35970504866332287,1.0758952806481445
-2.47059815480132,-1.5469045720672174
0.7748054886280958,-0.4780257574340238
-2.5497561363368164,-1.6458233746506477
-0.12749483126101868,-0.019493624062303545
-0.593564143679995,0.3974751280353647
-1.5772552072060315,-0.6129637644599716
-1.5083707239652746,-0.7505534016548545
0.9730361105992684,0.7879659147688227
1.8102407117908892,1.0171149909122656
-0.2970981908043896,-0.46132874959289794
-0.7655725239119796,0.5953558857257563
1.9105878627173054,0.9182001989323711
0.32122771966794933,0.7445032271588563
-0.022810116140142753,-0.0023849054276569863
1.4481988080833033,1.3124128360438436
0.896398923105728,-0.08831306464087733
-0.5707891968096216,-0.4151327736973429
1.1720499774936317,0.8911327862934049
-0.6869012314113272,-0.34789770015919586
-0.2372205374690853,-0.32794200493393016
0.49619536409178727,1.1677943778614548
-0.5010975000771921,-0.6712253875570953
-0.3739166505875853,0.38285870466135125
0.2825088194281825,0.14780049137051313
-0.25041161742187057,-0.3645297471858095
1.9695365101468973,0.7531721774881315
-0.8004889927275631,-0.9986481799428318
-0.4956716981150974,0.03580165070391173
-0.9845149702923469,-0.7258199176633674
-0.006693147807851175,-0.7823786838171618
0.14149793360562452,-0.06516102186552883
0.7644458895292842,0.3461367708122727
0.2093763721347527,-0.06032908617945045
2.0667133848246015,2.3643029317909754
-0.6310489049753333,-0.4708954402363649
-1.3600581255127995,-0.8054084725219955
-0.4085416267876837,-0.019123149676349222
0.7825064649590556,0.4497905711222786
1.4126428148763062,0.8012639525612804
0.6558156281712898,0.14745952863139922
-0.6182046098966302,-0.5081237350561562
1.2957429459112333,0.6660460980004492
-2.095463496228771,-1.6966696404238317
0.22977662040771887,-0.5461035249157351
-0.4493641693473088,-0.17268653258624753
-0.4724504998827246,-0.2767934457686532
0.1735484573282798,0.11623222999935356
-1.4176276234128862,-2.1768797593939766
-0.19290613413589744,-0.6101984056820486
0.37763485057300394,-0.3201174031131802
-1.3476894496384806,-0.5394941273627675
-0.4894156635451292,0.14543926709873
0.000911787923735696,0.35480133494894106
-1.9043245092392207,-1.237703780362994
-0.6583437549379161,-1.0133797734089471
-1.4261842887356806,-0.8925055796644975
-0.5053237341530272,-0.7293819386410202
2.4497156474304447,0.9354812779495917
0.5206267806469282,-0.1723965438176732
-0.6674432143898611,-0.37993979092159774
0.7054782102952265,0.2878649030567756
0.16790624379588598,0.2066477834294079
0.21566304958580781,1.4910705157086375
0.35824773150214784,0.14665535139125585
-1.1655194064182408,-0.05834443952976955
-0.3050223070902768,-0.22723389436809585
-0.3669225918225547,0.7267658651420834
0.8110645544020955,0.32647675219996936
0.6750356782816431,0.10687495507327092
-2.070473785929576,-1.269191350370514
0.9248531187536894,0.3887554419322407
0.5631691614020601,1.165661467661186
0.10604101946121225,-0.17285616862042572
1.4473680642716498,0.9740862470346184
0.8157060347858931,0.5096238018761173
0.37400694763783077,0.5781595605073288
0.7592864588949406,0.8896855693591419
0.2716403982615301,-0.1870406752803424
-1.236612439766253,-0.2601468300704696
-0.41919812838142156,-0.6636447586548389
-0.15799889155256228,0.21025808459467252
0.38082226840803,0.20686440661598443
-1.948322746572509,-1.1641152376967536
-0.19869895804306023,-0.5589755282179519
0.19715234537228912,-0.1490562002697876
-0.018129173852636953,0.5574834533505578
0.2551227249245329,-0.33547523059681933
0.5504338359250646,0.47813446956099076
-0.6101245503333217,-0.07559339843936866
0.27028175637798285,-0.05562645779700604
0.5017563284551337,-0.9069000476182225
2.111095219181883,0.050336985559207875
0.4447043940822585,-0.14777209447456566
0.13103308893348536,-0.12002948223098947
-0.2999007526009747,-0.016551409379326504
-0.6070414854142742,-0.8415902286571193
0.49883321721975155,-0.7162803893961942
0.030119355413297615,-0.28412669979655525
1.1966958008095707,0.20726963949393598
-1.833771010529897,-1.4717647504080351
0.39264930180607144,0.6878048558862612
1.0595002246199372,-0.1006837312166117
-0.6599956237462765,-0.47392209155746784
-0.09114044976898077,0.4970609189651259
0.7605181748228034,0.10436239225474184
0.03314616259841732,-0.1960422977701727
0.03064476793503297,0.692989273918976
1.724683953509924,1.1765612097162181
0.5931002209110374,0.4999841678734091
-0.5700804997747705,-0.09944773759832602
-0.2360869592847299,-0.7326148471371339
-0.1790410974720204,0.5397324564989734
0.8605088305251157,0.629905142715492
-0.9523801321157725,-0.6386529150537672
2.5676448070975666,0.4582382703926692
-1.5544726461317098,0.07285312305388313
-0.18143046243395072,-0.36369050507415857
0.7465476374780246,-0.09032777224694173
-2.0759116043795234,-1.4365050016330663
-1.4541026713728353,-0.5766601466320154
0.48768366724026335,-0.6458680353800758
-0.5680439452284709,0.6797865655216171
0.5041488590965649,0.8335430594362523
1.482720285874763,1.066572838269122
-1.2453768837012589,-0.8946552795950341
0.30271344497498126,0.012964601311384006
-0.6310664431821724,0.3276985640621105
0.8305860792286923,0.5707774318641972
-0.7907950821892415,0.3403327976912839
-0.08712714521237518,0.7881581224439815
-0.17003546017969784,-0.016704675453393367
1.4252885869492118,0.6644544323595598
-0.5187556687479273,-1.0771296117216569
-0.5911783673197206,-0.6924197879404165
0.10451604323327832,-0.13464269890624114
-1.126439941132459,-0.11351269708376943
-1.52321209260222,-1.3038528316596172
1.39804432977966,0.536162869292142
-0.8844827028538509,-0.09396046636344464
0.9389959691163449,-0.09779201429515401
0.7594299067403578,0.5529406406657351
-0.5199465818012547,-0.6162745416429292
-0.8654842633259928,-0.2180668085927135
-0.7823065018819932,-0.8492275620946971
0.9373708776383564,0.08435414534090174
-0.5976279501648046,-0.032216503639144835
-0.3012603469877229,-1.1480106366855858
0.4788685414465452,0.4357794073892025
-0.981877472192358,-0.43856615958711326
-0.5367562559975531,-0.7437068338130671
1.9121257693021168,0.34939709425914967
0.34062927338391796,-0.6524800981824816
-1.1644161447294146,-1.1537470330136859
-0.7808029878824582,-0.5081175538528935
-0.33454240926866435,-0.6213539906091265
-0.690884214651016,-0.7137472852924808
0.3417543930660847,0.8162342479652589
0.8871353812517556,0.40369250757433206
-1.4263877951973707,-1.4351141498175737
1.4092215491519764,0.7193183946717372
-1.498564900722669,-1.1200699954700266
0.1858448086462897,-0.3589351757452089
1.1804596716451279,1.1731957966921909
0.683679624747907,-0.6613786118326205
0.4999771795666508,0.33591066626252025
1.684847839850412,1.0696616231472096
-0.41037629703967676,-0.2793440654764313
0.42695007515240263,0.7248585912137111
1.2764601509475495,0.9188514526532097
0.3285190724060575,0.5304804908735377
2.2345586007145757,0.49644380695296614
0.2758129662873613,0.6206192872932933
0.3282085920446374,0.5540403316011004
-0.6042511692867364,0.17743838289729097
-0.07241348166898816,0.03756012511915804
-1.5651311841121407,-0.30863248800097004
1.2383293310817314,0.8786215382774532
-0.5414224443577593,0.5179222435609827
1.1188874882938713,0.30676583964016413
-0.7458707873439805,-0.45757229451754255
-0.1932387621234394,-0.10452106752831762
2.2031124329884575,0.546711954564073
-0.7926521275312741,-0.367603410158764
0.08690658516754304,-0.33176423446662245
-0.29294360703292066,-0.5708326637546953
0.3340534523251605,0.22039674388019528
0.5802089396290988,0.3829810863800664
-0.1679728975051159,-0.22121633411435954
0.39940894213877687,0.7450754620599171
1.5599382813705593,-0.15531011774232675
-0.0019446672821076469,-0.1138850281585687
0.43053580838444455,0.6229858726061636
0.7463662949159219,-0.8389312070674096
2.03544690568555,1.2701459952106078
-0.09312234440116758,-0.464515725493617
0.45106441388266666,0.06439604747135624
0.24405220744030473,0.3128460454455686
-0.27600927952654214,0.3987265259501815
-0.27776338466775885,-0.29695682516547334
-1.6869567523660247,-1.278035454891399
-1.2063482977421682,-1.4678393759638286
-0.4275209578606471,0.6759337546587563
-0.7469145996489468,-0.2013599755265885
-2.099157568902047,-0.1522145397934718
0.3411519146709427,0.24573207695076738
0.2205887384723404,0.26475234774042905
0.6224450349192695,-0.12730517396103233
0.9519395512179526,0.22336062004868235
0.20703823348636252,1.5203866040947667
0.17797127664910858,-0.35532067163646036
0.4138423722459231,-0.46933129604673324
0.0744926641800681,0.48726752154579694
-0.9125099303560162,-0.6767521001337425
-0.6411283058318563,0.40845397532197525
-2.0834921405903097,-1.9488143523222357
-1.0641993558376726,-0.8428119720738557
-1.7231980596835916,-1.2866616477724493
-1.6494292603401663,-0.3819277406597152
-0.7900632677509882,-1.048304881803201
0.15451479885533884,-0.36203893695489264
-1.1517647320352504,-0.3117683206478769
1.3852602967908805,0.45721175488642324
0.7831531204395211,0.7061201014457793
0.41226739584082517,0.24173400441203574
0.5684196033580228,0.685700341077607
-0.5765714253502561,-0.0645542011381844
1.180710686191639,0.5066292000734849
-0.3744925419286473,-1.2119397774754201
-0.3075996728037545,-0.4761083682080885
0.1693936839805054,-0.9174231441097526
-0.924717010799895,-0.41786202769401215
0.11681409893755008,0.09179653166967912
-0.7470262364766983,-0.2829931540966354
0.6084611759720973,0.8307507230149891
1.034578943669439,0.6504646491069352
-1.7327088520698481,-0.6167468435061142
0.333597593266581,-0.17395478858330515
-1.3705432772527544,-0.8155927604887045
0.2762883410349576,-0.30810535876616696
-1.813127615853029,0.12172866182023907
-0.047367631394497844,-0.6738548899938079
-2.4786264604509607,-1.1883742404474793
-0.12007872302476942,-0.31233491153506865
0.2351743608075211,0.024189372687224344
-0.1133573425611196,0.6962063139641014
1.3001454598437368,0.06424155195185267
0.5254859439743458,0.6085262748627492
0.25822177974535837,-0.4236832421765861
0.42827532350098035,-0.8246736540967242
2.1592882182293462,1.2771791391550424
0.5621178735069425,0.13218791698687787
1.2707553165362895,1.823641913179374
-0.43782358567434837,-0.711324955413423
-2.1904226276323544,-0.5353903930112185
-1.9565130976931902,-1.8308886051887105
-1.3820864120162955,-0.9367342151868012
-0.28443892184377556,0.022602739036694023
-0.22183485651747048,-0.4720204609487185
1.0993937180775952,1.4586663332528622
0.18532825998496322,0.19875214888398085
-1.3188161402574854,-1.1229340290573027
0.7559757811759097,0.4311246390186319
0.09603876767488101,0.15855793941170998
-0.17212554983476558,0.2864827630059648
1.0985886996438023,0.46083148814652736
-0.8608621934754417,-0.2674025289979383
-2.2645850933159903,-1.9459818087856104
-0.10981909397100631,-0.22211154929140914
0.572921879519537,0.9297025897214092
-0.39339141879554024,0.3746920594005391
0.29918506995784133,0.4079730082140989
-0.21116640315924617,-0.9583545805922075
0.30642096862232077,0.3872140532923352
2.175227282515131,0.875678124450427
1.2723063330077076,0.81230893524629
-2.5907826271979437,-1.3042108721307903
1.1366832169258834,0.6125899244601704
-0.028235753904565182,0.24043058741968093
-0.14679665825250354,-0.5411122088669129
1.3542271070894147,1.1168512419383352
-0.7258921511660135,-0.7679138539921453
0.11285704721647064,-0.011206628856030377
-0.37298440081152323,0.19029097308650317
0.3841077178614158,0.8445427737935047
1.801141973502967,0.3744823616070992
-1.521364962365629,-1.254140496895473
0.7992901831268627,0.21187839078102508
-0.4825649817781122,-0.7569343890388219
-1.3008074934391076,-0.5266321536123711
0.37406269450512397,0.4273639062471737
0.28757289842000855,-0.006106498416365397
-1.377816533064349,0.13992282347967497
0.3539909354961034,-0.31753198510994746
-2.4132567930742654,-1.111232478088286
0.021523497775645807,0.577072460503878
-0.6633985070102371,-0.8310101749232556
-0.7595555504880327,-0.14161237129493165
-0.007362867291593792,0.2896655879848981
-0.8158879260024913,0.5775854920843723
2.083686842433506,0.482385558834768
-0.923354771113351,-0.7708026287137713
-2.2166825058146866,-1.8075634991113059
0.11474758258675075,-0.5667082204253425
-1.3160466866595244,0.7924120589571892
-1.1182763689722033,0.3853360897554206
-0.8678792800854612,-0.875824822909048
1.57906986089057,1.751802003773124
-0.5028612227598771,-0.43097247546666956
1.1769496827123012,1.1072812376320798
-1.857973900075202,-0.06001171923165822
-0.31043673936163574,-0.7605958089048496
0.04295889510360706,0.2868859506328831
0.14399404809888464,-0.17076977503122534
0.17620809383180822,-0.28225242113668153
0.42396118546183925,0.3756232942772291
0.3753626713454479,-0.5740831146377272
-0.3562093053258898,1.3774043974096835
0.3819022868324651,0.7383247388689183
0.07632558727779111,-0.45713144113495696
0.006948964376199982,0.7724265665941478
-0.0005014392687206426,-0.394632916420847
0.24617715880777563,0.34346867902152384
-0.628480099590915,0.3511392490993002
-0.7617389422181814,0.6100748688458515
0.4573156424690837,0.6825100390650827
0.6537872031052926,0.42816235611527087
0.6528014607699858,0.5630938077631576
-0.08974647606836882,0.7599823210665627
0.6710806252729583,1.1204557908349608
-0.7680578337016203,-0.18918142036905153
0.39735828216504676,0.29352352260127035
0.41694726551891975,-0.04364242474687677
0.029874585049375915,-0.3176873148802175
-1.105518416419371,-0.2520937697437584
0.5709238277941739,0.5285061449597044
1.1762494288460879,0.2679025454872791
-1.8737718966283374,-2.114348552865917
0.7780174562371568,0.1251741611382765
0.6162406812357462,-0.5939292225565365
-0.5713662254474242,-0.3392962634806753
-0.8387687618658801,-0.20214462265128605
1.4077968531854637,0.09519303159256375
-1.3380821796658329,-0.3014548351430085
0.4364687210303593,-0.006876970984998407
0.17290097475893643,-0.09733986879934285
0.09282073366584255,0.5446693395160238
0.5933446984082632,0.21446645529575833
-0.2513947296353624,0.5633825443970576
-0.5011460156737735,-0.753430397552442
0.2179761340077989,-0.251019627656839
0.7746302990441825,0.1288784138472341
1.5461784358820776,0.7660580787695932
0.3142893274825516,0.2596843459020737
-0.6755045415234444,-0.03328871340788744
0.9330873276711992,0.2516416257669465
0.5925282840477559,0.013302071741514144
-0.31406304400245627,0.052653421555789955
0.04671608545067542,-0.3770364036630516
0.24740303526093463,0.4394006555702279
-0.349634967141348,-0.18148884177340613
0.8085455111983113,0.031892453734676085
-2.101350399617612,-1.3246780633283308
-1.6937443263198282,-0.637771979365994
0.960385140333441,-0.36751025424278677
0.9571076887219794,-0.32478452509813016
0.040281444524073264,-0.21889488734898135
0.009681802220688367,-0.5647463758562656
0.2796017464079213,-0.2569681018100216
0.20727096455840394,0.566482276703496
-0.5429840192232636,-0.45814461784718613
0.9274748200946736,0.795885466912383
-1.9920901882596922,-0.6158969494755596
1.0311592060281374,0.39652484171828173
0.8634048034965074,1.3454741982728522
0.3915303334007404,0.5758172289075982
-1.2360017030154358,0.17626358106530574
0.1626550313634455,-0.8492596160105291
0.7912594016035985,0.35147920754592843
-0.594361537596197,-0.4121047138409627
0.10595431845345148,-0.020734449883586456
-0.7746708052788205,-0.16002841318228517
-0.40706923835810177,0.3443828137172354
0.9653331766735749,0.7326365629288675
0.3530939506390197,0.8968133997096865
1.1197365415896143,0.27722333439746977
0.10873875852225164,0.5383517243382283
0.09627544203998491,0.5335904583543828
0.4245067827051455,1.2564751847593174
-1.1402230279923014,-0.15692942534848894
2.212601974683754,0.644099505904051
-1.8887129074299376,-0.5837918339579565
-0.18644072688741278,-0.44766689231198176
1.4302460014362277,-0.07716203956889885
-0.2287956207013481,-1.0685213438612824
-1.2868798820035459,-0.45428302727491676
-0.24693122480658997,0.05987924569852806
-1.1382533133331068,-0.7939603625744237
-1.0627603737372777,-0.33139871212308486
0.005607820671711551,0.23875846032552037
0.5105732706233554,0.513489439486539
-0.23219644353153254,-0.2586654529480963
-1.2925003029990338,-0.2792156624432527
-0.6647282391701463,-1.3719579804361697
0.007385355348932734,-0.3944015186974984
0.580722302636897,-0.27834215557411
0.5754363919125157,0.17352900067196847
0.9275811680332832,0.7755233754543024
0.03469706648570012,0.6960758615867113
-1.514930699061023,-1.0488959065322179
0.2699226056926153,0.3216380704268734
0.37146667983920534,-0.11074207552130765
-1.1609205729144552,-0.10571053822645148
0.18909401790847605,-0.06722700307891458
-0.645044461135234,-0.19743357158601046
-0.5618297769533219,0.016428038740643858
0.7118206108073588,1.243860475855425
-0.3777909544863063,-0.6123030109024595
0.46805086694717285,0.5245385610249335
0.022664695930947155,-0.04814506759017545
-0.012914458193164344,0.789884247955297
-0.3019146227177106,0.3250036805957137
-0.11014470382266751,0.4457824703740007
0.36041688984537273,0.31124509082433094
-1.0917727633434628,-0.07041267922866011
-0.6324952938489069,-0.1484346172624073
-0.033510992660026516,0.026878813718478837
0.7048804831673937,-0.061997921557319625
-0.2886524532803131,-0.17926016683784912
-1.482172151833496,0.15730691298491845
0.5498322435988429,-0.47429255982523266
-2.1593197462526357,-1.9711807547996831
1.2679537288130398,0.6114170794260892
-0.3004569164261148,-0.5147725715050923
-1.6957342958482349,-1.0920353559371643
-1.4673984398295317,-1.1864340065180872
0.9634112329676188,0.7262284622944146
1.5766327184691435,1.2576608622299015
-1.6787349297589562,-0.358491992565248
1.8518820674417904,1.6704564555106294
-0.6559909230601634,-0.7316479619357166
2.381323961516689,0.9746896962427988
-1.031934307130074,0.3535849425920581
0.729918672056376,0.6114170849261883
0.5940351769598262,0.7473495116425563
0.7429264750188488,-0.2524947410089261
0.22782741344898605,-0.24904331546946643
0.6987749614465427,0.31299059099563875
-0.3991067327707662,-0.03572470703684078
-1.2165121627828743,-0.12775871243772813
0.8993609557463559,1.3762837519592703
0.5548290661140348,0.7055637496413303
0.7533013367986837,1.026237849264831
-0.7870752656477628,0.19503093183256778
-0.8398796558921878,-0.47159974450861114
-1.5362857343172054,0.11377800087139486
-0.8193098848707875,-0.7595862105422718
1.0245746763886336,0.12677176694983464
1.2204794572717426,1.5187181064092985
-0.3269408200883759,-1.4473757040090236
-0.4343708632380766,-0.024315159350437432
-0.2491155783463035,-0.04462186851810792
-2.391272783845143,-0.4137509186389016
1.3225731247429227,0.37449003923325724
0.9529799913133383,0.24579687040888346
0.3537032900202326,0.2289364009276792
0.8392062969306532,0.4336434878913624
-0.9993230969753425,0.04815383395494305
0.6201142909583608,0.14518673476889293
0.4085253563927316,-0.3328461627571639
0.9169467091527708,0.5933349290761616
0.231334477718002,-0.05429345904710614
-1.2258320208490396,-0.6477043606837932
-0.1061732187298483,0.41984032618773004
-0.21538342141306743,0.7476075422455394
-0.128280392380221,0.15402589773327544
-0.3352577233025597,-0.0500861561288741
0.2825159535538685,0.39251655270535607
-0.3015875417605591,0.03420284409048374
-1.2833272179301534,-0.8782216909571299
-0.3822399490218603,0.7074995051675222
2.0334320339570477,1.2371410452746312
0.6949670012763284,0.32384650067603443
-0.08670097768593389,-1.3958875761934517
0.06557405526008878,-0.05105604294550743
0.33975049063145685,-0.40906035911686117
3.553193041442618,2.6966215488289778
-0.8065736924365023,0.40157124220876605
-0.4327732798917052,-0.3552640722721874
-0.8735338785609249,-0.21632165194544004
-1.2795978581640304,0.30537787106586123
-0.6453765582889334,0.5252941844495893
1.5344470698509813,1.0093293871582458
-1.1637727203401116,0.22420260915172827
0.5861398340525301,0.2680744532625011
0.784526459318352,0.883031422638547
0.2997726579792767,0.8061892790400043
1.8302675081929107,0.49584212573363223
-1.2538905943510328,-0.7432796066142788
0.04984516549117058,-0.9251524560719513
0.8455153468581463,0.3331211454948223
-1.0802879605229003,-0.7279275662749656
-0.7958243177854909,-0.39880414729858144
0.80083192352703,0.6979125624095994
0.35918531371547174,-0.18402674668322988
-1.134779358027931,-0.8429948166124906
-0.2760376701719025,0.2974511827458229
-0.041153059254387156,-0.38325281556537905
1.9856928610675852,1.0405415843283916
0.7505854933089305,0.9146106834924532
0.8910815206942068,-0.5443361286123946
-1.026235841521758,-1.3942929244173317
0.619623077238423,0.18161910755003807
0.02391282601771382,0.5461946114355987
0.6112560702058124,0.5698457905379591
0.9964108645296216,1.2717797678481342
-1.0406596705032964,-0.5817996536706042
-0.03392198610672228,0.1530546253232293
0.3749759995985516,-0.14055267064334784
-0.18633468001012357,0.23254775044895543
-0.5176983085354191,-0.13797326308318625
-1.5914783119877827,-1.3351388674819484
0.9306478288253989,0.25463943204344186
-0.38691182869564994,0.4431346387273077
0.487879451717383,0.24486230341472473
-0.19481047490104045,-0.4812689177197085
1.4191393955277571,0.32385068018515906
0.6639146735474253,0.9016830537306413
1.5067633573202324,0.4890993956373449
0.7697432937314658,0.6418288995082229
1.2867429301736564,-0.2948564489136971
-1.072128299275864,-0.8762951301991524
-0.3356983578431318,0.001997708893053788
-1.2787453659134633,-0.44390031026770427
0.7774399961906171,0.8391799144081254
-0.06463231988437072,-0.1749507905264007
-0.2086369133667677,-0.25246868960685415
1.1882251077537207,1.2594342638597176
-0.4789127594113601,-0.8558413148084507
-1.5755896444668338,-0.08477392442267973
0.8561594281618159,0.7565193420619213
-0.05170234179608257,0.45748670431741645
-0.1086766200404358,0.34324528561770956
0.8004797773592081,0.6522527641688077
1.5120568593251476,0.1354615089068351
-0.26041525161695417,0.7728991120519957
-0.2715630838608266,0.38855879000910226
-0.024305812517559425,0.13897289775321828
-0.6564630280759187,-0.38883930667295
2.2079199571409913,1.50698179452212
1.163565545639356,1.8432646385977889
-0.6866345435595562,-0.3507160637166968
-0.5650311031116271,0.16172673268779691
-0.827232043096751,-0.18851489128810459
0.08736558965045547,-0.03081794959182761
0.20451891650994053,0.0790824879697842
1.098934959591525,0.9295402558915796
-0.8913820485234083,-0.09398821226182752
-0.7537207181822546,-0.9731685965466064
0.7883079534686003,0.6775289681027181
0.26475623272378723,-0.04077917668839607
-1.132487902429036,0.1622527031314069
-0.72880262095019,-0.2538344371002511
1.3244373990676033,0.24859055295045185
1.0867992199401229,1.2771867487744486
0.3584068803952796,0.5708920719022371
-1.3729256200393494,-0.5041043079901677
1.2254137654125203,1.3680579893082827
0.6001087186165946,-0.274994994074339
-0.49328839974323563,-0.08348815652997607
-1.0360384238954883,-1.0284693339151842
-0.17433733738441828,-0.5745602516032962
-1.376354867219386,-1.0368612273251663
0.861310992735511,-0.04010836050955971
1.8040046276126438,1.1451642791069732
0.6812035497799575,0.2798139281030044
-0.3288063358408387,-0.41829027852296596
0.14576226633612166,-0.32541030562025547
-0.02179145403761023,0.1311164012978151
0.4594255520163853,1.3016197997374022
-1.4755660084973117,-0.7735711162543961
-0.01070327540171131,-0.6084862095146003
1.0749993298646363,0.786080416775915
0.8798549855838049,0.2209113351172938
-0.20878689844928353,-0.987031388604105
-1.5102891590607954,-0.7252251437814842
-1.470726436127109,-1.3898275152996147
0.18298867568717783,0.5389613239433008
0.2781064364259438,1.2177077295074905
0.10671310346706928,-0.2694474914198034
0.8621642921626503,0.08441409155205098
0.8803139103695705,-0.01069797750110659
-0.03056816002857872,0.2821543546144339
-2.3642939725849463,-0.9995415824748916
-2.520424574593331,-1.4730135794332138
-0.0050350771345906604,-0.41610381630524995
0.3193519494564471,0.2770748748488594
0.3831414256883352,-0.08053650159731891
-0.7266625562400395,-0.37190543901222073
0.4317394968688907,-0.17446914151046014
-0.8990108232284761,-0.2102942649913839
0.0253844214370881,-0.10134154346221096
1.9113198962950133,1.0859438007628548
-0.14048718140552685,0.5512462104484749
-1.0930200138133717,-0.4720688708355987
0.7639558561442831,0.6926679584611168
-0.7292416001635226,-0.3260136100524979
-1.5530902328368719,-0.803724974110163
0.177250980014817,-0.04295149715269957
-0.3203853680097991,0.19502520082469996
-1.096086527950845,0.0779275225443045
-0.1933259604020262,-0.06468031113101347
0.642158344297541,0.7419309654088627
-0.28637703820835286,0.27328942388378424
-0.2354240330971313,0.9608155836502947
-1.271532607758096,-0.6615211903844243
0.24658921751049379,1.4132385829794158
1.176963122081495,0.908783544044497
-0.017626545772554736,0.2414164921742994
0.26438241799606976,0.693610241983863
0.5813637328559147,-0.27763480270646895
0.554858081643626,0.0489092584524877
0.48710033883246623,-0.03132497042568209
0.9395927520640238,0.7868130171467508
0.8566274020116217,0.3626387243189559
-0.8577319743429587,-0.13684229629036032
0.4998170152681443,0.2963198385012279
-1.0577405772159119,0.05588329117795114
-0.12741829603516042,-0.6306864484968622
-0.41004913394192893,0.010260294627710996
0.5098086131121969,0.35547163341876775
0.4918891591750037,0.2595882132020436
-1.3283311957922037,-0.7140295500219235
1.5537739842460363,0.5367199430938032
-0.16555165616482215,-0.16828979327779192
-0.7147101983934037,0.18053458467239006
-0.7262606103655508,-0.11635170036599655
1.0634933332934735,0.6338898871612415
-0.10672614701886904,-0.5048142471764281
2.4674679326728075,1.5993390243472747
0.36384063863403965,0.05575810628530613
-1.152963532504704,-0.5469469388049945
1.8183488320480958,1.3145457872517463
0.557065165483717,0.63024585930583
-2.0978807877101335,-0.8644883861934037
-0.6491270899842334,-0.1739452382255501
-0.02283510532025439,0.6138108436482327
0.12363337692367597,-0.5623934864671264
-0.4845914296043162,0.025489148725269493
-2.1390651763627093,-0.9205437768476057
-1.8810170991223736,-1.6291913618615415
